{
      "dctnst34b56h501a": {
            "nome": "mario",
            "cognome": "de martino",
            "data nascita": "21/05/1980",
            "codice fiscale": "dctnst34b56h501a"
      },
      "dctnst34b56h501b": {
            "nome": "gianni",
            "cognome": "de martino",
            "data nascita": "21/05/1980",
            "codice fiscale": "dctnst34b56h501b"
      },
      "dctnst34b56h501c": {
            "nome": "maria",
            "cognome": "de martino",
            "data nascita": "21/05/1980",
            "codice fiscale": "dctnst34b56h501c"
      },
      "dctnst34b56h501d": {
            "nome": "marino",
            "cognome": "de martino",
            "data nascita": "21/05/1980",
            "codice fiscale": "dctnst34b56h501d"
      },
      "dctnst34b56h501e": {
            "nome": "giannino",
            "cognome": "de martino",
            "data nascita": "21/05/1980",
            "codice fiscale": "dctnst34b56h501e"
      },
      "dctnst34b56h501u": {
            "nome": "mariela",
            "cognome": "de martino",
            "data nascita": "21/05/1980",
            "codice fiscale": "dctnst34b56h501u"
      },
      "ee": {
            "nome": "andrea",
            "cognome": "barbato",
            "data nascita": "27/08/1996",
            "codice fiscale": "ee"
      }
}